Make ,Model ,Type ,Origin ,DriveTrain ,Invoice ,EngineSize ,Cylinders ,Horsepower ,KPL_City ,KPL_Highway ,Weight ,Wheelbase ,Length 
GMC ,Sierra ,truck ,USA ,all ,"9,590","6,162",8,426,6,8,"2,575","3,745","5,890"
Ram ,Ram-1200 ,truck ,USA ,all ,"4,320","2,378",4,207,10,12,"2,045","3,180","5,330"
Ram ,Ram-1500 ,truck ,USA ,all ,"6,820","2,998",6,260,14,17,"2,200","3,570","5,820"
Volvo ,XC90 ,suv ,Asia ,all ,"9,650","1,969",4,300,8,11,"2,145","2,984","4,955"
Volvo ,S90 ,sedan ,Asia ,all ,"7,400","1,969",4,300,10,14,"1,940","3,060","5,090"
Volvo ,V90 ,suv ,Asia ,all ,"7,820","1,969",4,250,10,13,"1,910","2,941","4,960"
Volvo ,XC60 ,suv ,Asia ,all ,"7,400","1,969",4,300,9,12,"1,935","2,865","4,710"
Volvo ,XC40 ,suv ,Asia ,all ,"5,460","1,969",4,197,9,12,"1,745","2,702","4,440"
Volvo ,S60 ,sedan ,Asia ,front ,"5,690","1,969",4,250,11,14,"1,715","2,872","4,780"
Mini ,Countryman ,suv ,EU ,front ,"4,950","1,499",3,136,11,13,"1,540","2,670","4,295"
Mini ,Clubman ,suv ,EU ,front ,"4,700","1,499",3,136,10,13,"1,480","2,670","4,266"
Mini ,Hatchback ,hatchback ,EU ,front ,"4,810","1,998",4,204,11,15,"1,355","2,495","3,875"
Mini ,Convertible JCW ,sedan ,EU ,front ,"5,930","1,998",4,231,10,14,"1,405","2,495","3,870"
Bently ,Continental GT ,sedan ,EU ,all ,"39,560","3,996",8,550,7,9,"2,295","2,851","4,850"
Bently ,Flying spur ,sedan ,EU ,all ,"44,190","3,996",8,591,9,13,"2,646","3,194","5,316"
Bently ,Bentayga ,suv ,EU ,all ,"30,800","3,996",8,550,6,8,"2,530","2,995","5,144"
Pagani ,Zonda ,sports ,EU ,rear ,"2,000,000","7,291",12,760,5,7,"1,250","2,600","4,420"
Pagani ,Huayra ,sports ,EU ,rear ,"400,000","5,980",12,730,7,11,"1,350","2,700","4,605"
Pagani ,Imola ,sports ,EU ,rear ,"670,000","5,980",12,827,5,7,"1,246","2,720","4,728"
Pagani ,Utopia ,sports ,EU ,rear ,"3,500,000","5,980",12,852,5,7,"1,550","2,720","4,750"
Mclaren ,750s ,sports ,EU ,rear ,"450,000","3,994",8,750,9,11,"1,400","2,670","4,370"
Mclaren ,Sena ,hyper ,EU ,rear ,"1,300,000","3,994",8,800,6,7,"1,198","2,670","4,619"
Mclaren ,P1 ,hyper ,EU ,rear ,"1,500,000","3,799",8,903,9,11,"1,490","2,640","4,530"
Mclaren ,GTS ,sports ,EU ,rear ,"280,000","3,994",8,620,10,12,"1,530","2,670","4,670"
Mclaren ,W1 ,hybrid ,EU ,rear ,"305,267","3,988",8,916,11,13,"1,399","2,680","4,635"
Porsche ,Macan ,suv ,EU ,all ,"10,780","2,894",6,375,7,9,"1,965","2,805","4,725"
Porsche ,Panamera ,sedan ,EU ,all ,"16,830","2,894",6,336,7,10,"1,980","2,950","5,049"
Porsche ,Cayene ,suv ,EU ,all ,"13,980","2,995",6,355,7,9,"2,195","2,895","4,930"
Porsche ,911 GT3 ,sports ,EU ,rear ,"25,160","3,996",6,503,6,7,"1,475","2,450","4,575"
Porsche ,Boxter ,sports ,EU ,rear ,"10,130","2,497",6,350,8,11,"1,440","2,475","4,379"
Porsche ,Targa ,sports ,EU ,all ,"18,960","2,981",6,458,8,9,"1,670","2,450","4,520"
Porsche ,Caymam ,sports ,EU ,rear ,"13,050","3,995",6,407,8,10,"1,465","2,475","4,405"
Bugatti ,Tourbillon ,hybrid ,EU ,all ,"566,216","8,300",16,"1,775",5,6,"1,995","2,740","4,671"
Bugatti ,Bolide ,hyper ,EU ,all ,"530,000","7,993",16,"1,578",5,6,"1,450","2,750","4,756"
Lamborghini ,Huracan ,sports ,EU ,rear ,"34,000","5,204",10,640,6,8,"1,379","2,620","4,311"
Lamborghini ,Urus ,suv ,EU ,all ,"32,890","3,996",8,666,5,8,"2,150","3,006","5,137"
Lamborghini ,SVJ ,hyper ,EU ,all ,"60,000","6,498",12,770,5,7,"1,525","2,700","4,937"
Jeep ,Wrangler ,suv ,USA ,all ,"8,005","1,995",4,272,8,8,"2,102","3,010","4,840"
Jeep ,Gladiator ,truck ,USA ,all ,"7,990","3,604",6,284,6,7,"2,305","3,490","5,600"
Jeep ,Renegade ,suv ,USA ,front ,"4,675","1,332",4,171,9,12,"1,470","2,570","4,255"
Jeep ,Grand cherokee ,hybrid ,USA ,all ,"10,135","1,995",4,272,8,10,"2,515","2,965","4,905"
LandRover ,Rangerover-phev ,suv ,EU ,all ,"23,900","2,997",6,550,8,10,"3,025","2,997","5,052"
LandRover ,Defender ,suv ,EU ,all ,"12,467","2,997",6,300,10,11,"2,510","3,022","4,758"
Chevrolet ,Colorado ,truck ,USA ,all ,"7,279","2,726",4,314,8,9,"2,150","3,337","5,410"
Chevrolet ,Trailblazer ,suv ,USA ,front ,"3,069","1,341",3,156,11,13,"1,350","2,640","4,425"
Chevrolet ,Traverse ,suv ,USA ,all ,"6,127","3,564",6,310,7,10,"2,090","3,073","5,230"
Chevrolet ,Corvette ,hyper ,USA ,rear ,"9,500","5,499",8,"1,064",6,8,"1,665","2,723","4,722"
Chevrolet ,Spark ,mini ,USA ,front ,"1,232",999,3,75,14,16,910,"2,385","3,595"
AstonMartin ,DB11 ,sports ,EU ,rear ,"28,000","3,982",8,535,7,10,"1,870","2,805","4,750"
AstonMartin ,DBX707 ,suv ,EU ,all ,"31,700","3,982",8,697,5,7,"2,245","3,060","5,040"
AstonMartin ,Vantage ,sports ,EU ,rear ,"21,500","3,982",8,503,7,12,"1,530","2,704","4,465"
Cadiliac ,Escalade ,suv ,USA ,all ,"16,475","6,162",8,426,6,8,"2,795","3,071","5,380"
Cadiliac ,Ct5-v ,sedan ,USA ,all ,"14,000","6,162",8,668,5,8,"1,965","2,947","4,945"
Jaguar ,F-coupe ,sports ,EU ,rear ,"15,034","2,995",6,380,8,11,"1,740","2,622","4,482"
Jaguar ,F-pace ,suv ,EU ,all ,"7,995","1,997",4,204,12,14,"2,050","2,847","4,747"
Jaguar ,XE ,sedan ,EU ,rear ,"6,740","1,997",4,250,10,14,"1,680","2,835","4,672"
Maserati ,Granturismo ,sports ,EU ,all ,"27,325","2,992",6,550,7,11,"1,795","2,929","4,962"
Maserati ,Grecale ,suv ,EU ,all ,"13,800","2,998",6,530,8,10,"2,080","2,901","4,860"
Maserati ,Mc20 ,sports ,EU ,rear ,"33,700","2,992",6,630,6,9,"1,628","2,700","4,670"
Peugeot ,Peugeot-408 ,sedan ,EU ,front ,"4,490","1,199",3,131,12,15,"1,437","2,790","4,700"
Peugeot ,Peugeot-5008 ,suv ,EU ,front ,"4,750","1,199",3,130,11,14,"1,590","2,840","4,650"
Peugeot ,Peugeot-3008 ,suv ,EU ,front ,"4,370","1,199",3,130,11,14,"1,490","2,675","4,455"
Dsautomoblie ,DS9 ,sedan ,EU ,front ,"6,880","1,598",4,225,13,16,"1,560","2,895","4,930"
Dsautomoblie ,DS7 ,suv ,EU ,front ,"5,340","1,199",3,131,11,14,"1,570","2,740","4,595"
Koenigsegg ,Jesko ,hyper ,EU ,rear ,"338,000","5,000",8,"1,600",6,7,"1,420","2,700","4,610"
Koenigsegg ,Gemera ,hyper ,EU ,front ,"220,000","5,000",8,"1,500",6,7,"1,995","3,000","4,975"
W motors ,Lykan Hyper sport ,sports ,Asia ,rear ,"380,000","3,746",6,770,6,7,"1,380","2,625","4,480"
Maybach ,GLS600 ,suv ,EU ,all ,"29,900","3,982",8,557,5,7,"2,785","3,135","5,205"
Maybach ,S680 ,sedan ,EU ,all ,"37,360","5,980",12,630,5,8,"2,340","3,396","5,470"
Maybach ,G650 ,suv ,EU ,all ,"93,200","5,980",12,630,5,6,"3,300","3,428","5,345"
Subaru ,CrossTrek ,suv ,Asia ,all ,"4,135","2,498",4,182,9,12,"1,525","2,670","4,480"
Subaru ,Impreza ,sedan ,Asia ,all ,"2,800","1,995",4,152,10,14,"1,400","2,670","4,475"
Lincoln ,Nautilus ,suv ,USA ,all ,"7,740","1,995",4,252,8,11,"2,065","2,900","4,910"
Lincoln ,Aviator ,suv ,USA ,all ,"9,860","2,956",6,400,7,9,"2,325","3,025","5,075"
Lincoln ,Mkz ,hybrid ,USA ,front ,"5,815","1,999",4,234,15,16,"1,775","2,850","4,925"
Lincoln ,Mkx ,suv ,USA ,all ,"6,000","2,694",6,340,7,9,"2,170","2,848","4,830"
Lincoln ,Navigator ,suv ,USA ,all ,"15,040","3,496",6,446,6,8,"2,775","3,110","5,335"
Lexus ,ES ,hybrid ,Asia ,front ,"6,925","2,487",4,218,17,17,"1,680","2,870","4,975"
Lexus ,LS ,hybrid ,Asia ,all ,"16,642","3,456",6,359,9,11,"2,370","3,125","5,235"
Lexus ,RX f ,hybrid ,Asia ,front ,"11,967","2,393",4,371,9,11,"2,150","2,850","4,890"
Lexus ,LC ,hybrid ,Asia ,rear ,"19,240","3,456",6,359,11,12,"2,005","2,870","4,760"
Century ,Century ,sedan ,Asia ,rear ,"18,200","3,994",8,193,8,14,"2,030","3,025","4,980"
Daihatsu ,Copen ,sports ,Asia ,front ,"1,875",660,3,64,22,25,850,"2,230","3,395"
Daihatsu ,Tanto ,mini ,Asia ,front ,"1,438",660,3,52,21,25,900,"2,460","3,395"
Daihatsu ,Move ,mini ,Asia ,front ,"1,260",660,3,52,21,25,900,"2,455","3,395"
Geely auto ,Boyue ,suv ,Asia ,front ,"2,350","1,723",4,235,12,14,"1,650","2,845","4,770"
Geely auto ,Emgrand ,sedan ,Asia ,front ,"1,600","1,499",4,113,13,15,"1,250","2,700","4,686"
Geely auto ,Xingyue L ,suv ,Asia ,front ,"2,820","1,997",4,235,15,20,"1,792","2,845","4,770"
Geely auto ,Xingrui L ,sedan ,Asia ,front ,"2,820","1,477",4,181,15,20,"1,550","2,800","4,825"
Alpine ,A110 ,sports ,EU ,rear ,"13,925","1,798",4,276,14,45,"1,121","2,420","4,180"
Acura ,intergra ,sedan ,Asia ,front ,"4,584","1,497",4,200,13,15,"1,427","2,736","4,719"
Acura ,NSX ,sports ,Asia ,all ,"23,000","3,492",6,600,8,10,"1,747","2,630","4,534"
Citroen ,C5 aircross ,suv ,EU ,front ,"4,729","1,997",4,177,12,14,"1,685","2,730","4,500"
Citroen ,C4 ,suv ,EU ,front ,"3,400","1,199",3,100,14,16,"1,300","2,670","4,360"
Citroen ,Basalt ,suv ,EU ,front ,"3,000","1,199",3,108,9,13,"1,450","2,780","4,400"
Citroen ,C3 ,suv ,EU ,front ,"2,200","1,499",4,100,16,21,"1,100","2,540","3,990"
Citroen ,SpaceTourer ,rv ,EU ,front ,"4,000","1,598",4,115,11,15,"1,750","3,275","5,200"
Citroen ,Berlingo ,rv ,EU ,front ,"4,000","1,199",3,110,13,15,"1,700","2,950","4,400"
Renault ,Master ,ban ,EU ,front ,"3,845","2,299",4,150,11,11,"2,090","3,685","5,575"
Renault ,Capture ,hybrid ,EU ,front ,"4,000","1,597",4,140,20,18,"1,400","2,640","4,230"
Renault ,Arkana ,suv ,EU ,front ,"3,800","1,333",4,160,14,18,"1,400","2,720","4,570"
Renault ,Koleos ,suv ,EU ,all ,"4,800","2,498",4,171,12,15,"1,700","2,705","4,672"
Renault ,Clio ,hatchback ,EU ,front ,"3,000","1,461",4,85,23,26,"1,150","2,588","4,050"
Infiniti ,Q60 ,coupe ,Asia ,rear ,"6,560","2,998",6,400,9,13,"1,800","2,850","4,690"
Infiniti ,Q50 ,sedan ,Asia ,rear ,"7,000","2,997",6,400,9,13,"1,800","2,850","4,815"
Infiniti ,QX50 ,suv ,Asia ,all ,"6,500","1,997",4,268,11,14,"1,750","2,760","4,690"
Infiniti ,QX55 ,suv ,Asia ,all ,"7,300","1,997",4,268,11,14,"1,750","2,800","4,730"
Infiniti ,QX60 ,suv ,Asia ,all ,"7,500","3,496",6,296,8,11,"2,050","2,900","4,950"
Infiniti ,QX80 ,suv ,Asia ,all ,"9,800","5,552",8,400,7,9,"2,750","3,075","5,350"
Lotus ,Emira ,sports ,EU ,rear ,"15,390","3,456",6,405,7,8,"1,495","2,570","4,415"
Lotus ,Emeya ,sports ,EU ,rear ,"13,000","3,456",6,400,10,13,"1,450","2,535","4,412"
Suzuki ,Alto ,hatchback ,Asia ,all ,900,658,3,49,25,29,695,"2,460","3,395"
Suzuki ,Hustler ,suv ,Asia ,all ,"1,750",658,3,64,24,29,695,"2,460","3,395"
Suzuki ,Spacia ,rv ,Asia ,all ,"1,800",658,3,52,25,29,750,"2,460","3,395"
Suzuki ,Swift ,hatchback ,Asia ,front ,"2,200",998,3,111,20,25,950,"2,450","3,845"
Suzuki ,Ignis ,suv ,Asia ,all ,"1,800","1,197",4,83,19,22,980,"2,435","3,700"
Suzuki ,Jimny ,suv ,Asia ,all ,"2,600","1,462",4,102,13,16,"1,110","2,250","3,645"
Suzuki ,Escudo ,suv ,Asia ,all ,"2,900","1,373",4,140,13,17,"1,400","2,500","4,175"
Suzuki ,S-cross ,suv ,Asia ,all ,"3,000","1,373",4,129,16,20,"1,300","2,600","4,300"
Suzuki ,Carry ,ban ,Asia ,all ,"2,000",660,3,64,12,14,750,"2,190","3,395"
Alfa romeo ,Giulia ,sedan ,EU ,rear ,"8,000","2,891",6,505,11,17,"1,550","2,820","4,640"
Alfa romeo ,Stelvio ,suv ,EU ,all ,"9,500","2,891",6,505,10,14,"1,800","2,810","4,680"
Genesis ,G70 ,sedan ,Asia ,rear ,"4,842","3,342",6,370,9,10,"1,725","2,835","4,685"
Genesis ,G80 ,sedan ,Asia ,rear ,"6,559","3,470",6,380,9,10,"1,930","3,010","5,005"
Genesis ,G90 ,sedan ,Asia ,all ,"10,567","3,470",6,415,8,9,"2,190","3,180","5,275"
Genesis ,GV70 ,suv ,Asia ,all ,"5,584","2,151",4,202,10,14,"1,965","2,875","4,715"
Genesis ,GV80 ,suv ,Asia ,rear ,"7,480","2,497",4,304,9,10,"2,075","2,955","4,940"
Hyundai ,Casper ,mini ,Asia ,front ,"1,760",998,3,88,12,15,"1,000","2,580","3,595"
Hyundai ,Avante ,sedan ,Asia ,front ,"2,373","1,598",4,123,10,15,"1,262","2,720","4,710"
Hyundai ,Porter2 ,truck ,Asia ,all ,"2,287","2,469",4,148,7,7,"1,690","2,640","5,130"
Hyundai ,Venue ,suv ,Asia ,front ,"2,376","1,598",4,123,12,15,"1,200","2,520","4,040"
Hyundai ,Kona ,suv ,Asia ,front ,"2,897","1,598",4,198,12,14,"1,430","2,660","4,350"
Hyundai ,Tuscon ,suv ,Asia ,all ,"3,392","1,598",4,180,10,14,"1,630","2,755","4,650"
Hyundai ,Sonata ,sedan ,Asia ,front ,"3,218","1,598",4,180,9,15,"1,515","2,840","4,910"
Hyundai ,Avante N ,sedan ,Asia ,front ,"3,514","1,998",4,280,9,13,"1,500","2,720","4,710"
Hyundai ,Staria ,rv ,Asia ,all ,"3,433","2,199",4,177,10,12,"2,350","3,275","5,255"
Hyundai ,Santafe ,suv ,Asia ,all ,"4,045","2,497",4,281,9,12,"1,830","2,815","4,830"
Hyundai ,Grandeur ,sedan ,Asia ,front ,"4,440","3,470",6,300,7,13,"1,710","2,895","5,035"
Hyundai ,Palisade ,suv ,Asia ,all ,"5,164","2,497",4,281,8,11,"2,005","2,970","5,060"
KiA ,Morning ,mini ,Asia ,front ,"1,485",998,3,76,14,17,915,"2,400","3,595"
KiA ,Ray ,rv ,Asia ,front ,"1,833",998,3,76,12,14,"1,090","2,520","3,595"
KiA ,Bongo3 ,truck ,Asia ,all ,"2,330","2,469",4,138,7,7,"1,690","2,615","5,115"
KiA ,Seltos ,suv ,Asia ,front ,"2,523","1,598",4,198,12,13,"1,382","2,630","4,390"
KiA ,K5 ,sedan ,Asia ,front ,"3,154","1,999",4,160,12,16,"1,435","2,850","4,905"
KiA ,Niro hybrid ,suv ,Asia ,front ,"2,990","1,580",4,104,22,20,"1,425","2,720","4,420"
KiA ,Sportage ,suv ,Asia ,front ,"3,146","1,598",4,180,12,12,"1,595","2,755","4,685"
KiA ,Sorento ,suv ,Asia ,all ,"4,064","2,497",4,281,9,11,"1,835","2,815","4,815"
KiA ,Carnival ,rv ,Asia ,front ,"4,186","2,151",4,194,11,15,"2,115","3,090","5,155"
KiA ,k8 ,sedan ,Asia ,front ,"4,309","3,479",6,300,9,12,"1,670","2,895","5,050"
KiA ,k9 ,sedan ,Asia ,front ,"6,735","3,342",6,370,8,11,"2,005","3,105","5,140"
KGM ,Tivoli ,suv ,Asia ,front ,"2,581","1,797",4,163,11,14,"1,360","2,600","4,225"
KGM ,Korando ,suv ,Asia ,all ,"2,970","1,497",4,170,11,13,"1,470","2,675","4,450"
KGM ,Tores ,suv ,Asia ,all ,"3,384","1,497",4,170,10,13,"1,520","2,680","4,705"
KGM ,Musso Sports ,truck ,Asia ,all ,"3,162","2,157",4,202,9,11,"2,160","3,100","5,105"
KGM ,Musso Khan ,truck ,Asia ,all ,"3,382","2,157",4,202,9,11,"2,180","3,210","5,415"
KGM ,Actyon ,suv ,Asia ,all ,"3,796","1,497",4,170,10,13,"1,630","2,680","4,740"
KGM ,Rexton ,suv ,Asia ,all ,"4,522","2,157",4,202,9,13,"2,060","2,865","4,850"
Honda ,S660 ,mini ,Asia ,rear ,"1,826",658,3,64,21,24,840,"2,285","3,395"
Honda ,CR-Z ,hybrid ,Asia ,front ,"2,436","1,496",4,119,21,22,"1,150","2,435","4,105"
Honda ,CR-V ,suv ,Asia ,all ,"5,480","1,993",4,184,15,13,"1,740","2,700","4,705"
Honda ,Accord ,sedan ,Asia ,front ,"4,340","1,993",4,184,17,16,"1,605","2,830","4,970"
Honda ,Odyssey ,rv ,Asia ,front ,"6,290","3,471",6,284,8,11,"2,090","3,000","5,250"
Honda ,Pilot ,suv ,Asia ,front ,"6,840","3,471",6,289,7,10,"2,130","2,890","5,090"
Toyota ,Prius ,hatchback ,Asia ,front ,"4,990","1,987",4,223,20,19,"1,690","2,750","4,600"
Toyota ,GR 86 ,sports ,Asia ,rear ,"4,770","2,387",4,231,8,12,"1,280","2,575","4,265"
Toyota ,Lav4 hybrid ,suv ,Asia ,all ,"4,998","2,487",4,222,15,14,"1,730","2,690","2,600"
Toyota ,Camry hybrid ,sedan ,Asia ,front ,"5,360","2,487",4,224,18,17,"1,625","2,825","4,920"
Toyota ,Crown Crossover hybrid ,sedan ,Asia ,all ,"6,945","2,487",4,239,16,18,"1,980","2,850","4,980"
Toyota ,Highlander hybrid ,suv ,Asia ,all ,"7,470","2,487",4,246,14,13,"2,085","2,850","4,965"
Toyota ,Sienna hybrid ,rv ,Asia ,front ,"6,400","2,487",4,246,15,14,"2,145","3,060","5,175"
Toyota ,GR Supra ,sports ,Asia ,rear ,"7,980","2,998",6,382,9,12,"1,525","2,470","4,830"
Toyota ,Alphard hybrid ,rv ,Asia ,all ,"9,920","2,487",4,250,14,13,"2,330","3,000","5,005"
Benz ,A class ,hatchback ,EU ,front ,"4,710","1,991",4,190,11,15,"1,485","2,730","4,430"
Benz ,CLA ,sedan ,EU ,all ,"6,100","1,991",4,224,10,13,"1,605","2,730","4,695"
Benz ,GLB ,suv ,EU ,all ,"6,980","1,950",4,224,10,12,"1,710","2,830","2,650"
Benz ,C class  ,sedan ,EU ,rear ,"6,460","1,999",4,204,11,14,"1,685","2,865","4,795"
Benz ,GLA ,suv ,EU ,all ,"6,770","1,991",4,224,10,13,"1,720","2,730","4,445"
Benz ,E class ,sedan ,EU ,all ,"9,390","1,999",4,258,10,12,"1,900","2,960","4,955"
Benz ,CLE ,suv ,EU ,all ,"13,440","2,999",6,381,8,10,"2,395","2,995","4,925"
Benz ,GLC ,suv ,EU ,all ,"8,840","1,999",4,258,10,12,"1,935","2,888","4,720"
Benz ,GLE ,suv ,EU ,all ,"11,620","1,993",4,272,10,12,"2,200","2,995","4,930"
Benz ,S class ,sedan ,EU ,all ,"18,200","2,999",6,367,8,11,"2,100","3,216","5,290"
Benz ,GLS ,suv ,EU ,all ,"16,460","2,925",6,367,9,12,"2,500","3,135","5,210"
Benz ,AMG SL ,sports ,EU ,rear ,"15,560","1,991",4,381,6,9,"1,775","2,700","4,705"
Benz ,G class ,suv ,EU ,all ,"24,900","3,982",8,585,6,8,"2,560","2,890","4,885"
Audi ,A3 ,sedan ,EU ,front ,"5,032","1,984",4,204,12,15,"1,500","2,636","4,495"
Audi ,Q3 ,suv ,EU ,front ,"5,110","1,968",4,150,13,17,"1,660","2,680","4,484"
Audi ,A4 ,sedan ,EU ,front ,"5,665","1,984",4,204,11,15,"1,675","2,822","4,770"
Audi ,Q5 ,suv ,EU ,all ,"7,270","1,984",4,265,9,12,"1,950","2,819","4,680"
Audi ,A6 ,sedan ,EU ,all ,"7,490","1,984",4,265,10,14,"1,800","2,924","4,950"
Audi ,A7 ,sedan ,EU ,all ,"9,455","2,995",6,340,8,12,"1,900","2,930","4,970"
Audi ,Q7 ,suv ,EU ,all ,"12,400","2,995",6,340,7,9,"2,285","2,999","5,070"
Audi ,Q8 ,suv ,EU ,all ,"13,000","2,995",6,340,7,9,"2,260","2,998","5,005"
Audi ,A8 ,sedan ,EU ,all ,"14,440","2,976",6,286,10,14,"2,180","2,998","5,190"
Bmw ,1 series ,hatchback ,EU ,front ,"5,090","1,499",4,156,12,16,"1,445","2,670","4,319"
Bmw ,3 series ,sedan ,EU ,rear ,"5,690","1,998",4,184,10,13,"1,600","2,851","4,715"
Bmw ,X1 ,suv ,EU ,all ,"6,830","1,998",4,156,10,13,"1,700","2,692","4,554"
Bmw ,X2 ,suv ,EU ,all ,"6,830","1,998",4,156,10,13,"1,700","2,692","4,554"
Bmw ,X3 ,suv ,EU ,all ,"7,160","1,998",4,184,10,12,"1,885","2,864","4,716"
Bmw ,5 series ,sedan ,EU ,rear ,"6,940","1,998",4,190,11,14,"1,835","2,995","5,060"
Bmw ,X4 ,suv ,EU ,all ,"9,150","2,993",6,352,10,12,"2,025","2,864","4,752"
Bmw ,Z4 ,sports ,EU ,rear ,"9,760","2,998",6,387,9,11,"1,610","2,470","4,325"
Bmw ,X5 ,suv ,EU ,all ,"11,220","2,993",6,313,10,13,"2,275","2,933","4,886"
Bmw ,X6 ,suv ,EU ,all ,"13,600","2,993",6,352,10,13,"2,413","2,975","4,960"
Bmw ,M3 ,sedan ,EU ,all ,"13,760","2,993",6,530,7,9,"1,890","2,855","4,800"
Bmw ,M4 ,sedan ,EU ,all ,"13,640","2,993",6,530,7,10,"1,745","2,857","4,794"
Bmw ,X7 ,suv ,EU ,all ,"15,270","2,993",6,340,9,11,"2,650","3,105","5,180"
Bmw ,7 series ,sedan ,EU ,all ,"16,775","2,993",6,299,11,15,"2,315","3,215","5,390"
Bmw ,M5 ,sedan ,EU ,all ,"16,000","4,395",8,600,7,9,"1,950","2,980","4,965"
Bmw ,M8 ,sedan ,EU ,all ,"23,840","4,395",8,625,7,9,"1,920","2,827","4,865"
Bmw ,I8 ,hybrid ,EU ,all ,"22,180","1,499",3,231,13,15,"1,660","2,800","4,689"
Volkswagen ,Zeta ,sedan ,EU ,front ,"3,618","1,498",4,160,12,17,"1,416","2,686","4,740"
Volkswagen ,Golf ,hatchback ,EU ,front ,"4,127","1,968",4,148,15,21,"1,456","2,631","4,280"
Volkswagen ,Beetle ,sedan ,EU ,front ,"3,383","1,984",4,174,13,16,"1,381","2,540","4,288"
Volkswagen ,Passat ,sedan ,EU ,front ,"4,729","1,968",4,200,14,16,"1,594","2,786","4,775"
Volkswagen ,Tiguan ,suv ,EU ,front ,"5,374","1,984",4,186,9,12,"1,752","2,790","4,730"
Volkswagen ,CC ,sedan ,EU ,front ,"4,970","1,968",4,184,14,15,"1,682","2,710","4,800"
Volkswagen ,Ateon ,sedan ,EU ,front ,"5,880","1,968",4,200,14,19,"1,680","2,840","4,865"
Volkswagen ,Touareg ,suv ,EU ,all ,"10,399","2,967",6,286,10,13,"2,271","2,899","4,890"
Volkswagen ,Scirocco ,hatchback ,EU ,front ,"4,330","1,968",4,184,13,17,"1,442","2,578","4,255"
Volkswagen ,Transporter T6 ,rv ,EU ,front ,"3,976","1,968",4,150,12,16,"2,000","3,000","5,000"
Ford ,Mustang ,sports ,USA ,rear ,"7,870","5,038",8,493,6,9,"1,835","2,720","4,810"
Ford ,Explorer ,suv ,USA ,all ,"6,595","2,261",4,304,8,10,"2,125","3,025","5,050"
Ford ,Ranger ,truck ,USA ,all ,"6,350","1,966",4,205,9,12,"2,400","3,270","5,370"
Ford ,Bronco ,suv ,USA ,all ,"7,290","2,261",4,275,8,9,"2,180","2,950","4,810"
Ford ,Expedition ,suv ,USA ,all ,"11,270","3,496",6,405,6,9,"2,730","3,110","5,335"
Dodge ,Charger ,sports ,USA ,rear ,"5,106","3,604",6,300,9,14,"1,900","3,050","5,040"
Dodge ,Hornet ,suv ,USA ,all ,"4,140","1,995",4,268,9,13,"1,750","2,630","4,530"
Dodge ,Durango ,suv ,USA ,all ,"6,072","3,604",6,295,9,14,"2,200","3,042","5,100"
Dodge ,Challenger ,sports ,USA ,rear ,"5,106","3,604",6,305,9,14,"1,800","2,950","5,020"
Dodge ,Viper ,sports ,USA ,rear ,"14,490","8,382",10,645,5,9,"1,550","2,510","4,460"
Rollsroyce ,Ghost ,sedan ,EU ,rear ,"52,400","6,750",12,563,5,7,"2,490","3,295","5,545"
Rollsroyce ,Cullinan ,suv ,EU ,all ,"57,700","6,749",12,571,5,7,"2,755","3,295","5,355"
Rollsroyce ,Phantom ,sedan ,EU ,rear ,"71,200","6,749",12,563,5,8,"2,690","3,552","5,770"
Chrysler ,300C ,sedan ,USA ,rear ,"7,590","6,417",8,485,6,10,"2,000","3,050","5,044"
Chrysler ,Pacifica ,rv ,USA ,front ,"6,451","3,604",6,287,9,12,"2,050","3,089","5,176"
Chrysler ,Grand Voyager ,rv ,USA ,front ,"6,070","3,604",6,283,7,10,"2,140","3,080","5,175"
Chrysler ,200s ,sedan ,USA ,front ,"3,800","3,605",6,295,9,12,"1,600","2,743","4,885"
Nissan ,Murano ,suv ,Asia ,all ,"5,490","1,997",4,241,9,11,"1,900","2,824","4,899"
Nissan ,Magnite ,suv ,Asia ,front ,960,999,3,100,17,20,"1,000","2,500","3,944"
Nissan ,Patrol ,suv ,Asia ,all ,"12,849","5,552",6,425,6,8,"2,750","3,075","5,165"
Nissan ,GT-R ,sports ,Asia ,all ,"17,500","3,799",6,600,7,9,"1,747","2,788","4,688"
Nissan ,Altima ,sedan ,Asia ,front ,"4,000","2,488",4,188,12,17,"1,471","2,824","4,900"
Nissan ,Sentra ,sedan ,Asia ,front ,"2,900","1,997",4,149,12,15,"1,325","2,712","4,646"
Nissan ,Juke ,suv ,Asia ,front ,"4,112",999,3,114,13,17,"1,250","2,636","4,210"
Nissan ,Serena ,rv ,Asia ,front ,"3,134","1,433",3,163,14,16,"1,800","2,870","4,700"
Nissan ,Maxima ,sedan ,Asia ,front ,"5,744","3,498",6,300,9,13,"1,645","2,775","4,900"
Nissan ,Z  ,sports ,Asia ,rear ,"7,200","2,997",6,400,8,11,"1,625","2,550","4,380"
Mitsubishi ,Xforce ,suv ,Asia ,front ,"3,700","1,499",4,105,9,10,"1,245","2,650","4,390"
Mitsubishi ,L200 ,truck ,Asia ,all ,"4,400","2,442",4,201,9,10,"1,900","3,130","5,320"
Mitsubishi ,Xpander ,rv ,Asia ,front ,"2,800","1,498",4,103,11,13,"1,235","2,775","4,500"
Mitsubishi ,Outlander ,suv ,Asia ,front ,"4,096","1,497",4,103,10,12,"1,450","2,670","4,365"
Mitsubishi ,Eclipse ,sports ,Asia ,front ,"4,040","2,378",1,165,11,16,"1,530","2,575","4,600"
